{
  "name": "blimp",
  "patterns": [
    {
      "props": {
        "color1": {
          "r": 255,
          "g": 0,
          "b": 65.52583433523351,
          "a": 1
        },
        "color2": {
          "r": 157.34972901073257,
          "g": 255,
          "b": 0,
          "a": 1
        },
        "opacity": 1
      },
      "type": "Gradient Pulse"
    }
  ]
}